{"cameraMode":{"drawMode":0,"name":"Shaded","section":"Shading Mode"},"sceneLighting":false,"audioPlay":false,"sceneViewState":{"showFog":false,"showMaterialUpdate":true,"showSkybox":false,"showFlares":true,"showImageEffects":true,"showParticleSystems":true},"in2DMode":false,"pivot":{"x":0.7197728157043457,"y":3.9457814693450929,"z":0.1656343936920166},"rotation":{"x":0.4226085841655731,"y":-0.21267260611057282,"z":0.10314035415649414,"w":0.8750704526901245},"size":5.219917297363281,"orthographic":false}