{"cameraMode":{"drawMode":0,"name":"Shaded","section":"Shading Mode"},"sceneLighting":false,"audioPlay":false,"sceneViewState":{"showFog":true,"showMaterialUpdate":false,"showSkybox":false,"showFlares":true,"showImageEffects":true,"showParticleSystems":true},"in2DMode":false,"pivot":{"x":-2.643329620361328,"y":1.568298578262329,"z":-17.629545211791993},"rotation":{"x":0.009952432475984097,"y":-0.9599079489707947,"z":0.278105765581131,"w":0.03424059972167015},"size":1.4478952884674073,"orthographic":false}