{"cameraMode":{"drawMode":0,"name":"Shaded","section":"Shading Mode"},"sceneLighting":false,"audioPlay":false,"sceneViewState":{"showFog":true,"showMaterialUpdate":false,"showSkybox":false,"showFlares":true,"showImageEffects":true,"showParticleSystems":true},"in2DMode":false,"pivot":{"x":1.5522916316986085,"y":1.0454245805740357,"z":0.5235822200775147},"rotation":{"x":0.02945927157998085,"y":-0.9578849077224731,"z":0.26510342955589297,"w":0.10643690824508667},"size":1.4409886598587037,"orthographic":false}