{"cameraMode":{"drawMode":0,"name":"Shaded","section":"Shading Mode"},"sceneLighting":false,"audioPlay":false,"sceneViewState":{"showFog":true,"showMaterialUpdate":false,"showSkybox":false,"showFlares":true,"showImageEffects":true,"showParticleSystems":true},"in2DMode":false,"pivot":{"x":0.017868518829345704,"y":3.585110664367676,"z":0.0028619766235351564},"rotation":{"x":0.23588557541370393,"y":-0.3918754756450653,"z":0.1046423390507698,"w":0.8831122517585754},"size":8.040236473083496,"orthographic":false}