{"cameraMode":{"drawMode":0,"name":"Shaded","section":"Shading Mode"},"sceneLighting":true,"audioPlay":false,"sceneViewState":{"showFog":false,"showMaterialUpdate":true,"showSkybox":true,"showFlares":true,"showImageEffects":true,"showParticleSystems":true},"in2DMode":false,"pivot":{"x":-110.33173370361328,"y":-320.0909423828125,"z":638.2645874023438},"rotation":{"x":0.2279873639345169,"y":-0.08959603309631348,"z":0.0215724129229784,"w":0.9695210456848145},"size":371.79168701171877,"orthographic":false}