{"cameraMode":{"drawMode":0,"name":"Shaded","section":"Shading Mode"},"sceneLighting":false,"audioPlay":false,"sceneViewState":{"showFog":true,"showMaterialUpdate":false,"showSkybox":false,"showFlares":true,"showImageEffects":true,"showParticleSystems":true},"in2DMode":false,"pivot":{"x":-1.0843119621276856,"y":4.843121528625488,"z":0.025018692016601564},"rotation":{"x":0.23588557541370393,"y":-0.3918754756450653,"z":0.1046423390507698,"w":0.8831122517585754},"size":8.90013599395752,"orthographic":false}